{"version":38,"hash":{"type":"Buffer","data":"WjCl1kyYfcV8IOpLjCSSkyVrmbRKMJf/tKS1lMHpM1yJgqnxwahvfSSXchWsnIi8CVTpK1pqTdi6f0oZ58dkB/pXJp+VFKTKQohwrgjjt6U6suE76tT1cQV+5aOvkxNTge1Gnvb2kqaYCA0heYoCsAeH+gTOtLfa/swpsefRCc0="},"indexValueMap":{"Dwgki5pit2MTrTCuaK3kQ1+pFXmXX7IWGJCrW+oWos0=":{"valueMac":{"type":"Buffer","data":"3sRuAQqCzfM1iIp7OVk6e2wR2F8LRGpfgltlYsFgjgI="}},"PJWHAR44WyIV8iEjgVdaba/T3yb4UiuJmXdNwZLAehY=":{"valueMac":{"type":"Buffer","data":"HG4JL6OV0WraH9fP/8s53AYH83yUIVtFYXO6WtH9GwY="}},"UeWiJDtuu9uBZqewtdgreXaHhGhBAPf7lv5iYDX8yBw=":{"valueMac":{"type":"Buffer","data":"4wb7gRgH6m00Srl56pTe9BRHwOJE7V8QR5TJ0ftnDsI="}},"j1C5+4K07tzuY1MBn7OaGJFet79VaIa8C2zUjElUMec=":{"valueMac":{"type":"Buffer","data":"PVTKIBXON2Rc0KGq7MBhVUT3LE8hsGCzKj/WYh5YYJg="}},"kuIX7nj+CX1eheKrFdvdcXx1c+JnjhyPDbDNhg+Pbjc=":{"valueMac":{"type":"Buffer","data":"BnxDgttBtALCcOs2FGmTlt2GB2iY6DsoUTLg7qiBSs0="}},"lz0I+4UkcUhVErsiebv8rhig7ah5cTKyBtUZ/WXB16U=":{"valueMac":{"type":"Buffer","data":"B7obc3Gjf6AjPCB75UNfuv1ZVRVFP39Mhnk36BpfvNQ="}},"mm/OEkmWoQT7AObox27xHXDA1sNXhXVAxYQWDyrFfi4=":{"valueMac":{"type":"Buffer","data":"OvDRm9TyWp/JZEgBrL7wNGSqqnuDyUrzUkw5xUvW9R8="}},"xZb+Igtca5W36J7mEafBiIR/AvQoOwSsr+3fpQkdB4w=":{"valueMac":{"type":"Buffer","data":"4frbHoyCowq8Hwa+QCFEUhLVjAAO8ZXUaS9nyqguHss="}},"3vyrtSxojleh2/UZhn23/oeukNMUe4gw7L6ngWym0xI=":{"valueMac":{"type":"Buffer","data":"duVKPqUv+F28XnBxvJdQjLRNHO+UFBdP69Zvpadf2Ik="}},"agwj2g84lKE2BaAWCEJASbEbyUh8zNmXkBzQox6UEl0=":{"valueMac":{"type":"Buffer","data":"vSgFVkgfXbBu2bOPrWqkjrLUjSVDSGX1PWPT6ac0P84="}},"WlQKp84SMm89uCKdG/L4jQA04rP0sOboy5f9seQzfZY=":{"valueMac":{"type":"Buffer","data":"tqCnuFNMsDbOkqYlXRZefneNaeWjahOOvmkT9Gnhh3A="}},"fYFvpw9hW3V8Bdel7vhmzYi5HFB4oJzX9ai3IOZJvn8=":{"valueMac":{"type":"Buffer","data":"hsCv8AUCTymm3257DoXZsaAi2GMRMv7tK3xLi+V5yiU="}},"XMtnJr8TgjqxUdeeN6vIpyf5G1GInAQryeMAX7ztUHQ=":{"valueMac":{"type":"Buffer","data":"7RWCFe9sPqMAX7yvOnqxfiSGWacMPNl+G1XYFgmrJck="}},"V24r1rAuN+kP/SzS01T1K3ELdU2D3lhnFgLsLcoIbIM=":{"valueMac":{"type":"Buffer","data":"zy2MlSDiykKVSWJ/Rfn8QFX1N+8WEIlB3qAMdOmzavQ="}},"Bz/G/l47mh+l2P45cIB2nFty8bCsyjfUJNvndJrlAMI=":{"valueMac":{"type":"Buffer","data":"fPC7QKGiGOOLSLIezxTABwwvCF8buj4116zeQpE+PyU="}},"BSU4IpJI3hGj9MAGi0i+9kIHAR2V3h4ZlDjMu3grVms=":{"valueMac":{"type":"Buffer","data":"Eu3Omannwmhk7mCloxI+OPizM8Q3pCwiRc3RjMQDGNc="}},"lCv8AK0q3INOLftpE2InGTQ/QlZL5uyA+Tj8HF65iDE=":{"valueMac":{"type":"Buffer","data":"GeFBS62n9nWnWfulAhxPjeMnLBKN176MpPW4UD3KO8o="}},"EbtZR7Lm4n7j2qYXwd5oHjvi0h4ph1lXy4QB7dPnrXI=":{"valueMac":{"type":"Buffer","data":"xT9tXXim57Rlc6v/ipiW4W5/VdtrA832mdZDq2/j8MA="}},"tsUZtrF1NUY9fKO7HP4Y7ARsDHF+QycLOnfu+Yu1t6Y=":{"valueMac":{"type":"Buffer","data":"rn17hplbRASqb+/bekc9U49rg01oNpjBuYK4h8tbsoE="}},"OgD2Y4zAflHZZG5yW3yufNFSbzUeG6jdH14EJctYIRQ=":{"valueMac":{"type":"Buffer","data":"B8lM8EjP2iJv9XOd9eanm5rXvJlTUZDTJfIpEALeiLE="}},"z3jmdQg+l1BZpgnwllI1Kz8GrW8XlIcXJYtwwjvn10E=":{"valueMac":{"type":"Buffer","data":"xLakWzCgMsQHfMGPPIdVCqtuJxKfrh8Z3jBmUgaMrc4="}},"tHUnTwsLcWajWUVAooWaHKIb+pbHwixyhdWPSldgd1A=":{"valueMac":{"type":"Buffer","data":"DQ5Tsi67Hn48sRYTPh5eBsrB/f+S2M21W0fGKb2YjqY="}},"1CdCxy8Qxp9xr79N8XjfMq3NYK9RJtfQyAf/Jy88D68=":{"valueMac":{"type":"Buffer","data":"Heh6YKUuw5o0SaF60rR4XR6kfOE/ys9D+9PQ8xYojkk="}},"4VhqIeZlr68nSeu0b9EUKgA1EjFtM9M22jmfRG/6/nk=":{"valueMac":{"type":"Buffer","data":"PTAzdJDiNKJD91ILi+tMjqTvVpbZubBVBoUwZ/6fC6A="}},"Sh1SZxuq2xHcVqRigbHGwX99F968496DqUwQuDp1zwI=":{"valueMac":{"type":"Buffer","data":"m8Hb8U53EftTgJ5lpTgXK4BrI+TC1Emjfr0LiToJ6v0="}},"KmOlF/BPKlu9m0VercI1mPHHs2IOUIL+eW/n/yrHyBs=":{"valueMac":{"type":"Buffer","data":"htRWg/+wY8kTtFpPMYtHayiFamnvdYKgV9+Yv7c+HSs="}},"NX58/2zRYhqSuCweIKlvscmdST0D4wSkvCQNYbA0kQ8=":{"valueMac":{"type":"Buffer","data":"JW95yXkreBoQiYnVcKDOhRorKZJLONfldmIpY2tuIXg="}},"ufIpXXVZuTLxftC5nc9M8duoz263D4aRlexMyYXJwdU=":{"valueMac":{"type":"Buffer","data":"lKMq5uqcrfcLc+fB0EWQn7grSKMyMKaUM1dFLEOh2vw="}},"kXEiqT6cQDOl4UQwVvhdydyR+ClzOAmxYdlviSyLe0A=":{"valueMac":{"type":"Buffer","data":"cuSuLXEifnc1ax/OzD0Kh0ROm51QaV4vIGDwVx5o1b0="}},"e1ZmvdqJr8cZlGNrSxSqaR67pL+4Neiwuf7WQUX5zOA=":{"valueMac":{"type":"Buffer","data":"W0D1n6ViRvGA2A06qVzP1QwF1TJ2xNi1XxpNI9CfJBg="}},"ZEpwBnb8ETuEuV+Kunq4HbhsEip12wfJqC4BcvdvND0=":{"valueMac":{"type":"Buffer","data":"c6wqGavpoL4352GKBqWYEn4KSmXrSRv/6UFUXfvr9O8="}},"Wi3sNibAYPV45Q4eWIuFI3OcO0a8gF3VnzY0D8w958Y=":{"valueMac":{"type":"Buffer","data":"mT4RC90DUAA8V4whqmtTzxY8AQJjeuiLAaLkiPON7M0="}},"ndGgJcVcadylXdTybRmxH+N2nojYXPnemRDP1fHggsA=":{"valueMac":{"type":"Buffer","data":"lD+GQMp9Ed28aXyJfzMo7rBzVcxCHlpjrCNiKu8N3hs="}},"NqYmoZwT/BEK0DlDCuiJtt7vTIjaIU8iylLprzqUqA4=":{"valueMac":{"type":"Buffer","data":"12Q+iQqE4lXuHz/+cMvkvmmacD91q6MaPLp0G/lvMxQ="}},"VxTtPOA4JL9o7b8MDgGiWqPIebU1AkKdDnHvNmSFomg=":{"valueMac":{"type":"Buffer","data":"nrKjEjnnWAHEZsa3oZTan+16Tb/xeiUeAFYiandUCiE="}},"NZ6clZQ5086jiPMxCKCIAbh8Wo5q1tpVHc439xDHaNM=":{"valueMac":{"type":"Buffer","data":"YFmirnPqGzgNNOQ1F/z4+ec7z5crEdF4qr20BlwEv7w="}},"OriE0Jjk2XKE64gHEdTRSiu4ootsckeBThbOWjMIUjg=":{"valueMac":{"type":"Buffer","data":"yYa4/Z2zf5tKqps+2G0xmvDflUJsg4O18P/liUFnX7M="}},"AGpwRKCbiAftXLhKEh4QW/dK6XrTlGbKGzox/Bc3Ky4=":{"valueMac":{"type":"Buffer","data":"c/IGpMS2OV5HpBuqsZsZufYVp1hP8NjeZozNzJTIGyQ="}},"gnNJdJ9XHtIIyTJuA4KHF7cxbt/oHN1MvdXFW9gshMI=":{"valueMac":{"type":"Buffer","data":"wn0oyN4fgZfIqYzhXYjocLSay0H5iecFEWlQKwyK3DA="}},"apySyJc2ZH1aYt/K2j22Nhg6JWaLf5mAWNJWvotchXo=":{"valueMac":{"type":"Buffer","data":"xahaEVdGEtloJv3RRVH2CRnzu3HHpCqUkCnq0w+5n4w="}},"OTruyM6Z7MW4FX2gp5eOg6Hqh9y3uBq3/hk5Pz81W4Y=":{"valueMac":{"type":"Buffer","data":"jf8wxTZmYHpl71SWVYPKj2/pb3asE+gynsA6qS8BNkA="}},"E5mvRTD8qR6IdRV8EoyxuFnKbUW66dslm2qJLLJEN4g=":{"valueMac":{"type":"Buffer","data":"P49tzK5l/uxojpMG+1N3YPXUdicT1QH0ZMNayueb6PQ="}},"Qp0WHHK/LFHf1/QcGpw6oMSG/BaQtTLiyfD76w7DqpY=":{"valueMac":{"type":"Buffer","data":"yxx4TbeS3nP7E9xm46/VgXoRgYtthglWlxMxtReIq1w="}},"THyGe/kmDifc+WeeJxdTm9/hTCP5sTamifAcou691Ss=":{"valueMac":{"type":"Buffer","data":"J/rk+evsHb5eSsofUky6kNJwbtpPk8Ba+bCYWefah0M="}},"htGg9AKjsj2Ad5jV6I19ioQJAB/RnMl/KWhegBVKnpE=":{"valueMac":{"type":"Buffer","data":"wfFQhH8K3wVj7aHKgPfw8n5CCldZFy0MWRnBsumRFvc="}},"YuEphfmVkaXUQTrrdoLx/qzUWIKmIAhZjmh5DkDy9h4=":{"valueMac":{"type":"Buffer","data":"CsruSsnaXlnd8kgD4G9visu0Ff4GbZwDLT7nTry2/Rg="}},"zlztEjvFHj2K7hVleQ06vT4hsozCamsiR0Tm4HxaOB4=":{"valueMac":{"type":"Buffer","data":"RWGv6BxJaS1rNTC3sfU794x2AB+Ri8XVhJoFcc7H2Kk="}},"OXuXvij3Miu08uxtrqH33WJevCcUHhXwvd04BKdMezQ=":{"valueMac":{"type":"Buffer","data":"vTd5JakJMW+IKch4pJy9SFB+t6YYrcobnLInZRefgVI="}},"wFD74QlrD16W1B0xYC35T51jLKFh4nMpZhtlca2ZzzM=":{"valueMac":{"type":"Buffer","data":"nuAi1dug+Fm+vVaGfe95VnJ7+0kfrXJpQgQzTRZlRKE="}}}}