{"version":114,"hash":{"type":"Buffer","data":"TB9YU2/dE1WExEeX4oVjUgv/evn1Kr4Nb2b7W+R8XIVvySN7NZPp72O0tlxbW24Z/2PE+IS/xOk0c/t99SHAaNyvHJ8I/QGpkpw+kr7F4E/Jj8qk4IJu/q7zBwmc2J0Tf8kbIyS+j8/rSAI586f+3MB4M+zv50vp5MuV7AqQHG4="},"indexValueMap":{"AmdPe1IyNZRXcihkCmUd5gQerVEELWFm+DZgJcsu1Z4=":{"valueMac":{"type":"Buffer","data":"7NclyOrQ5aoqE1U55AnSeI8v/5JPQZJ3c4ZTI3o7mOk="}},"B53wvlQXPT6zjP3uQLXG7JwBzrUpVUGfEbdpG3s7utQ=":{"valueMac":{"type":"Buffer","data":"6uOXN73x7eE8sORyvfXgJi0Bi4hdOngMS4P1O8XnRA0="}},"JkM5xUaX27wvUQx5ze6mv3MVeLLd40Sm3GVzj0mdOQ0=":{"valueMac":{"type":"Buffer","data":"ailqPVTdA2MAj37dRrQ6tGHcaFb7x6XWc6k6iO1Ul0c="}},"Th11Ttrpat0Rt7EDlVzEweVZpoSE/MlhjC9/NCyZsgU=":{"valueMac":{"type":"Buffer","data":"7fO4ehAHZ4hlP8IUMnt8QucKUQrympY4QJ6CHLzeORI="}},"VJcFwoA3ZLj/pFMeC4cfSqqamL06JXg5GRZ9pnshFu0=":{"valueMac":{"type":"Buffer","data":"I41m+v1OKaLjtJz4VzEcb5gGO6hA9aCzFhFa/v3Pbvs="}},"XcGp/mNDoiWPFnZtn+i1dr9QVWIAHetS2CTREd5YpQM=":{"valueMac":{"type":"Buffer","data":"3/Sg6h3oZFf6d2cHJdpBycJK7im2U0uoly5zhFUKylU="}},"ZomYW9Fx8I8yfpGJevDBn4xDQwNKAyYOMXSBIMCp0l8=":{"valueMac":{"type":"Buffer","data":"+GKpEexYBCZrUlQ6r/zt8K1BotEB61iYinMaK9LWIEo="}},"cFOvRMxsq5RnfW5A6X7i+qni4bZT+UK/dvXlKCga2GQ=":{"valueMac":{"type":"Buffer","data":"qUMX83K6Qaz8rqfArtjGP5MFiwg/7GY471u/49lfcOY="}},"cTZMUVnu1K1LxHirlhGjrgVzCTxNWXJOealq82wfVyQ=":{"valueMac":{"type":"Buffer","data":"+RL/pryJbNszkHQqaLNTY8FaMqG1wAN7Zg1qYpak7oQ="}},"dLv/YZEvNz4dOMMkppzqZ9mt6preOAY+MbMHYyIoFFA=":{"valueMac":{"type":"Buffer","data":"zFrwhS1Iw75epp5TgffOOCitqGVpvwn/nw4PZs5c9bk="}},"fG45X0okJ0NvouP4VfD2sIOuRoqL5EqO941hU2VuVe0=":{"valueMac":{"type":"Buffer","data":"My1WfINZ8HGK6LdaR77SWyaFBZmdt0BEJwz1p9ntfbo="}},"fpfdRcnclQ9w2wkFceYyITPHm8PVS1u91om9XG1zPlE=":{"valueMac":{"type":"Buffer","data":"4ZMr+THqcwZAQw6STIz5reuLbdGyZHHEILrzZdfci1Y="}},"gu+FrtvLMeM9D5ctMjfk+vZql7W2EOveF1U1KVBUYBE=":{"valueMac":{"type":"Buffer","data":"kLexrq0g83LDH/oVEqQ1nrztKak41QrHCJyZD3ceeww="}},"hw8x9igPhbSCbjkSDwvkZFqETLAdiHZy2MiOm4juso4=":{"valueMac":{"type":"Buffer","data":"805DiNMVUOP+g7CL64m8da0soV1Mc9JHDxJq5M26BV4="}},"nFhGI/gW1qtot87T2lx6tgslOYo3zoCh80AJ5nSahKk=":{"valueMac":{"type":"Buffer","data":"wIvU2D8IZWYhLfggQxRPhO3UL+GDtufWGxAc2v49Pc0="}},"qv/3KTcaXau/d6MiSHI3NS6EO8mxi+Q7kMJMytaqAFo=":{"valueMac":{"type":"Buffer","data":"pSa6Y3WsZBiILsU8z9Dc0oZ8P/GkGGpmS0Yw5W/CUkk="}},"sVeJQY7pD/Ltv8vVdfN3ONuq/Sr/zoFP5nN0b21QtlA=":{"valueMac":{"type":"Buffer","data":"TyutXsouIuO2HMj34gVEQwci9mFEtrXHdHXViLadoJU="}},"uxoRJMUkLtAw2nLPOXKYCqvbrd9Wpu0uuQSAQvxlGrk=":{"valueMac":{"type":"Buffer","data":"l9f+Hjggg1b/zJuxGCYpWDpkhm3TwDRbADg8PuNCF3M="}},"vmCzsG88gVxjCfSr1w57eoqAG51PhRSe3VouIo/yb6g=":{"valueMac":{"type":"Buffer","data":"f6MsBVXTnxf1ph+ewo/ADuPeJmu8sf9mt5c90ic5bx4="}},"1XCoMh1W7JTKx+IKH1fjPCZ931pTUTAfZENPm318kGA=":{"valueMac":{"type":"Buffer","data":"4S+B7zmie02/kEILueSWhtv/vjbZp3wDXCyxS6G5/7I="}},"1YmqqKh6ZAwAuqveC96aMpxKV5WtVdXjfYddsz2UZbk=":{"valueMac":{"type":"Buffer","data":"88xZ4MMnXk+8YuJShnW1ggqtfGGCd8PkyPFCkC36N7Q="}},"5qiCjHdpHcu5u6ZVFs4JWNtbc4erY8GFKn+Wvy79cWc=":{"valueMac":{"type":"Buffer","data":"SAgnUPTjzlXETU1T+OSt/dyO2/I4dhawbuN6OVaGVk4="}},"8PdMe4cC0+xGjmC8s0LnLzYfJ2Vv0gakbYNAv39NmiE=":{"valueMac":{"type":"Buffer","data":"NiQpSusQq3lba3o2N/mqErecDmxn+6gCO6eTMOiCOoM="}},"84cwSa2hwNIY3kAJeSZx+s/h+qQ3xduxJRMhX0DYwbs=":{"valueMac":{"type":"Buffer","data":"wJccZBdpe3TTu3X7tE/zvA1zilRQOKykKl1mzho/8+8="}},"9XCP0x9R1gfzVmHXYI+zjAFo/EqE4gF+77KNYEZUQg4=":{"valueMac":{"type":"Buffer","data":"gcpvoJJAnM1JI5Nl9cj7WqhonxDi58+K8ojG6SouKA8="}},"9lC32OQ5xDVPiGoJ5bXq0tTnq0U82qYPghIwKm61eQY=":{"valueMac":{"type":"Buffer","data":"m7RJR1wMQLrOrCEXUT6JVkRatJqjr+KBGLJUiU9aM70="}},"+lJciyOoVBUnbO7i4ph3UlAPr8CNyebZMHBMOXRw3PM=":{"valueMac":{"type":"Buffer","data":"EGlMA7EdK2jxu1qHLZyNWIXW8SU9Um+T0iMhFDE0S4g="}},"pXm9lcb1mUPaPECXmmYwaf8CXuycKwuHPXMZYaS+4n4=":{"valueMac":{"type":"Buffer","data":"M1cYszng+Zy6ATvfIYGEV8ANnlMQ7FCCEVqs2F8RqQU="}},"tM5lqzZa5yDflpTnFDXbKL24fJXqUOzxfAqkAxXnVKQ=":{"valueMac":{"type":"Buffer","data":"EMEbTze8afEbMK9L7anvI1/BCqkoJsXTHXQwuh71IjA="}},"vxb1ddws7J+z0DMAp3vS14hj6FZ/Tc+81VVts2cjEP8=":{"valueMac":{"type":"Buffer","data":"5sT+cvUHSgRcE0ag4W7b+3S7pnV6jkaAxQH+UDeBDCM="}}}}