{"version":95,"hash":{"type":"Buffer","data":"0ckiCG0I/RQEdkhzRXUaxuHF9HaFtTAoThXCoLo0+6esyoPhXPi8g5Gwt3+FX/l5Wt0vfIGf9I4l7WkdOX2Mn6/Z9RsvG1/IB6olEtqRIBgyC9QuQCwlZbSqmuAKogeUNUC2aDHQER45m/mu+gFVBTmWWrahDTPMYGEGS6OaoJw="},"indexValueMap":{"CEN+57d0C9wZ8Jaoq+DBYOH56RmxoXiO8fIdLc/6kD0=":{"valueMac":{"type":"Buffer","data":"+i4W3d/zR+1cUNMjfd3HQHqcGm9VHu9JZFsl8o+TrUA="}},"LVb7XaIdWsYESpGegpg4lhZaMxdDoVGbURCzq9DVoxg=":{"valueMac":{"type":"Buffer","data":"QWux0ZW0DirE79IqOEoUX3UbLEUwH+hhJGK5eQ6SkoA="}},"L0g88jCNfhRve1LX053cGNdtQio77g2x0hXkoZLATU0=":{"valueMac":{"type":"Buffer","data":"h18Gey8ChieGUccBpI3afCfMXFGmO7f3rCsb4AQ8wvw="}},"PuoJdiIVrtUrxHj+6LXjydl5LN/qw4MXrsU0aY2xvQI=":{"valueMac":{"type":"Buffer","data":"N+CDl/GziLav7Nc/NAgo4aQIFf2o4IwAIO5D2hVfwsw="}},"P+rNjc2hK2VGyuW9+BW5UyX4cgJtvBFB3Xy3NOUanuY=":{"valueMac":{"type":"Buffer","data":"TlaVXmLO97l9y42ceB7UCVymVrEmP/raV23dJxNuO1s="}},"TI26EfnYSiIiJmimRwocFLHNHgYkvS+Jwv54Lrezu0Y=":{"valueMac":{"type":"Buffer","data":"EPR5nBdCTgdD6d7wZdzWRuxwlzFZkAai7D0F3wyXBrY="}},"aazqw3YlJNXkcqgbgHy/6M+mLEY3dIreOL+ShirI/E8=":{"valueMac":{"type":"Buffer","data":"kBhruolqdSzT9115ceY2y3v53EXI/lCGdeZ/NcJ4UA4="}},"lICEhHo23c0z9DJ1Dzc7PRvXnjDISfGYi1uMRV7woLM=":{"valueMac":{"type":"Buffer","data":"eF9jFhpjrDdQK8xDHeDFrTjwiwompsZrcztDgr/RAdw="}},"0HXMqIzqvW+5L/JXVlgWfkrWP8wkbgc8cwrdtdaU2qo=":{"valueMac":{"type":"Buffer","data":"4153kj9EnndfaZVhh/yHRnE+KOGKfoJXX8a6L9oJ5cs="}},"1trNUFt4XPpfGuEoU4NonCnE6RXi9Hj6Kw2+GD2qGpw=":{"valueMac":{"type":"Buffer","data":"aoOjzrVHuDqEHvrLi9SKuhAMOXBgxPSAv7v1txd2sI0="}},"4wP6eJk2oYs04lrtp5Grnt0e+DrCiKzDnfKGt85dRW8=":{"valueMac":{"type":"Buffer","data":"7AP7JtXjxV03/NLeyyIkz2MeNvbQ4DDW2rIMttLBO0w="}},"9JrCn9dYB6+gfa8k/krnvopcsG55mHXH+CDj0axh5lo=":{"valueMac":{"type":"Buffer","data":"jTvgVqoALoZSWYQ4AQNqECN0Qen53ZaH1aUOf+FZsJk="}},"/M0uSsgEdmnereXC/izPSPXPWCDvvDugIYO8vXre+t8=":{"valueMac":{"type":"Buffer","data":"aRmdTLL9h4ObnkAW6PN4s7sURozlX4WIbeZoo9RqkcQ="}},"/X227JHAAii53FQUnI9rCqAkKLnO5AAo0+0sc0i6E50=":{"valueMac":{"type":"Buffer","data":"Ys3Xwn9kg6NsDINALAf43OlW0PkYJwXOIupFxm79Ea8="}},"g5vTj+eyVxfSG5osdqVYPUpxemF6UgEBF8aRWnmUTiY=":{"valueMac":{"type":"Buffer","data":"s/Req19dbxqtkW/rXUGE/1FX9Em66qrIsuknDMOB9to="}},"SSqR4Ey2flcGip1HFJDyMmTTnLUenJF8ur1Av+GPCJ4=":{"valueMac":{"type":"Buffer","data":"UEGelShhyA5ZK8EAcUQ5NbeZIU3V9dVnZLMM7POAZ+k="}},"WQs7gTTgCEMaegDEr0pXCLRoTdcSWgIzGUhpgtWTHjk=":{"valueMac":{"type":"Buffer","data":"/92yVeeywLOPf/o6gLjAKdmoYYsWfoAt5u2alkQNgOA="}},"LWPWxpbkvHkHUo/AfIs6QFkKz8+Fa8fyUZBe1WyVlsk=":{"valueMac":{"type":"Buffer","data":"ZADWDVj3GDE5rwUGLcVJHWaVfL0bq7/SANCjiyW/nD0="}},"QKrY8i3R7rNWr2PxtyXZ68Lkbkomwz8dzAq+6sFYJaA=":{"valueMac":{"type":"Buffer","data":"wASBYAgQCn3JtvDnDYjn59uIVWevGRP38Fmeneeq6OA="}},"o7uX8QdOtC+tfLASN0M6vZhDKa1CmKTZQsWK96fm1Eo=":{"valueMac":{"type":"Buffer","data":"8mvYLSxNep8a9b7ynWDD61hJjiYMY5eZWebZprxCH+g="}},"HFKU7PeLnW6ix1JLrIOWGhh8Nl8BoAKm5o40n0ubvTs=":{"valueMac":{"type":"Buffer","data":"3yGNl2MBkDDo5O/X3Zl8OqHl/ROxOoUZeiROnZHtBnU="}},"BiHuGTkNhAgwpsZAqlmJWH3OVX4Il+jNHdDhB5eMnUU=":{"valueMac":{"type":"Buffer","data":"ugrIe7nG6ynv5Hl46HIzhqiZf/mt8DxgKTDBygoWSgQ="}},"puGRQQd+SAkUOiD8nDiyhLQW81fzScLIeh0uLJWXtPg=":{"valueMac":{"type":"Buffer","data":"WI9LQMi844CM6KpIwjY/TbWsc4O4icXIGR2MhVtMmzY="}},"4FBMekK7Aa/729Yr8ToqZBliH+CIlnVN6hPDeY5KCro=":{"valueMac":{"type":"Buffer","data":"bZDdsaERcbhtB0RF+b2THOsNOx5CgAfi6MH2ckdUuF4="}},"8cvnHs2pNlUcrKH4jA2d4Gmo+M4lD2DiNSQh3ylE0Qw=":{"valueMac":{"type":"Buffer","data":"1/qzWTK56ejLHPaDljovpYsPRz+ifnjLb+MySELFbDQ="}},"96HtYynNjJRwbYw7Ks7uheruMjAadforwjq0Uk+BKWk=":{"valueMac":{"type":"Buffer","data":"R3OSaqIId/DR5tkkc2N2W1xqET0xBap/b3+86+zpRP8="}},"BBr8zcqtIbgyLVPBDRvdY95irp43v1F4hOdHqdVTLpk=":{"valueMac":{"type":"Buffer","data":"EuEo/5lDUaXJeRJn2mSiDzgZG7jveNQGHmuVggtaXRs="}},"KCaCSzE41ZrkBK1/Pv6PMQsX7lXne1uBBaAwhW56uPE=":{"valueMac":{"type":"Buffer","data":"BoTt7cL7IC/YgGlvF5Tv0CRcMu1ZblKZwSJsX0lk0Cs="}},"vRnWhDYklftqM9JoeMI9/mtW3XYPW5p7U/raD2C286U=":{"valueMac":{"type":"Buffer","data":"+3yj/hjC316gEruhCx6uBYhY1O6fUDYEv+fKzITxEyE="}},"MQOeZ9+hJKW9EwoONueRRjEkRrs21N+Bos5sMdalaZE=":{"valueMac":{"type":"Buffer","data":"Iqj4fpKBu8lbaynMLVvZ2s6kn0PYG25WXy3ClPlmQHE="}},"1o2IKyarjf68UNDhqhONAJrLzHT+ghi00u432CmI6Rc=":{"valueMac":{"type":"Buffer","data":"b5WZerHxW4E1nEVPznrC5G+NiO3TL9OulMF2IWv5cQk="}},"dFZAZA+wFFG81b7H0+TAhRaDJ7/Py1Rl9coeO1sHw74=":{"valueMac":{"type":"Buffer","data":"A4UeFA8pls6mOIB63AnO3NXhqIAyayZBwaXyTUZF99k="}},"1GA0R2krmGcuzwbB6GkiT5MoZAt4m6dN1VXl+sHv5ZI=":{"valueMac":{"type":"Buffer","data":"0vmIunJbPYX27CdCyh8frtUF2wBhNvJfRFm2WJrGM88="}},"UYuF5HTg0FQClB0IjsvrYit4jGUMh170s66jCmPaozI=":{"valueMac":{"type":"Buffer","data":"KHgeknTSl8k79cAppD8wgP7VQl7uw+NXbomPI2f3KG0="}},"Yx01ov8Qx0I8zzHxErZBJ+xVMAYx+A18Cf66tf4s/ek=":{"valueMac":{"type":"Buffer","data":"LZlkwCPAU/CHpG/D8MxFZp1Togwmur7P9cxZS0dVnNo="}},"z3kF3Aike9rrLPU1tqlo0cSJlIo3h3HXYvwgEtxM8co=":{"valueMac":{"type":"Buffer","data":"qQCLJ+64L1BQIcjfAmIHAjaWaYJ4fY3aNleKO25OVLQ="}},"GUhLnM+QXd8PQE4VX9n3vsJ8QjstlsbA8nJkB3IfZZE=":{"valueMac":{"type":"Buffer","data":"w1mLgdYBgoLezmWsT9GnZNS08tqWkIj81M16jD9clAQ="}},"VkNzNc63AE8gDpA3Hz01C4Gq3LMsg3pcRDsiJofOiu8=":{"valueMac":{"type":"Buffer","data":"t7mK9Ww1JulniCyGe2gu9x0712jVqzPfRV09pVLAEIA="}},"NWnI5q8lLMw1SMmbjEdvykT6Zak2Yt5WE04JTa3bcSU=":{"valueMac":{"type":"Buffer","data":"TZit1RcTn2FIIToyRJxSKMxsibNFdauXRmPmaS5gpUE="}},"U56r3NdjY04hJbZMmaFgLYaHXWfz1nzJXBWbqgiLgmE=":{"valueMac":{"type":"Buffer","data":"fO+9NcAEOjJRJVnFu2L1j3FvlDsDqQOVBGio+yVawew="}},"aNpjTI+TM8wTF7Oavx/kZ2JrcsGWqFzJkNR7mZm5QnA=":{"valueMac":{"type":"Buffer","data":"a2YbJqOtPCaq3Gf5TOqltB9OlFdnqxxagPGGqngUw6o="}},"SLJsey6sQ8xHsTRDcDsvXw4t8BPWcYnJ0684htvhtT0=":{"valueMac":{"type":"Buffer","data":"6E8ucjSG9X05pA3xAyk0tWyAYvzFNNk5jHW9c3uwju8="}},"VOMCoJW2keHuOyxkCvLamyVd12XrlQx1vC4hqdLgjnE=":{"valueMac":{"type":"Buffer","data":"vuvwaqH6382tZ90P2BC2n87khK4a10+NZsBULsxORAI="}},"yDaXlfnxsl14m+ogzR4t7FGLr5LEGqA41iJK4+iKuPc=":{"valueMac":{"type":"Buffer","data":"4bwo3Q/ryWBROBODQVX2Ne7+9KpW+egq5I/J0QFTHt4="}},"p6HXd5BGt5C2ZBzNYNe298i1r5l5RNkrayrZuFKh1KU=":{"valueMac":{"type":"Buffer","data":"HaOEau/iKfEwfedRN05WabOFbnnz8NBqi3lbCE1iquY="}},"DTIKZBo6Xzl5BsaxwuNrI6Zoy54UnAZnhyYEgPRvx6o=":{"valueMac":{"type":"Buffer","data":"pGGepCoVmUMO7R1G1dbRmBvRRW4+jLjylklnAdNFqZ0="}},"oGB7NXxtyRlKLI0fYTSUxb7QM71gZGEvl1ACf6wxq0U=":{"valueMac":{"type":"Buffer","data":"3oFrQxrJiYngxVIP5oWfu+gWUz9+yQ+mNp+u6i5r8Lc="}},"3A+zYj8i+fyQy6e+AOLBZO5SKCIIFi87N0eV54eRMhc=":{"valueMac":{"type":"Buffer","data":"2h1A4FV9PL4kQ9TqtcUnJC5f6kgA7yz2PksITPVKrjA="}},"vUosJKpxmcPi0//HHXlHNVi3C6KrxG3p8f/tvRQ5M+k=":{"valueMac":{"type":"Buffer","data":"enzCJudPo7TnogWNikKdPwv3UXgYZuixv7rCYFvYD5g="}},"Bzum4kvoaeMm/AihBlGh1ZzufyGdqh1OAgzRJozjGJA=":{"valueMac":{"type":"Buffer","data":"llH8TU9JmpdkORQ1sUwHDi3/0sNDcYnUtezIz7nWbmc="}},"3ppWhhruArd+JuAtGM0Oe2trSmckhIpkp5yXjyFE/Hw=":{"valueMac":{"type":"Buffer","data":"fRFKniXtENu62fcV/y8JqVa7+YoKy2FQfhKUu3xuYV0="}},"VMEPE7eNGzgjOUlsMtiu7cEE5OXNivJMEgLF6U1JVZA=":{"valueMac":{"type":"Buffer","data":"2slQFXWHNo0njD55xNtj7rZWKBH7HMddNQWRVNZJK44="}},"lmivALedq1TbfeYijvbnM4iegLH6JjGsT5AXTBF2ufQ=":{"valueMac":{"type":"Buffer","data":"pU+0t3lg4I3ED8XF0IIAfIfiMtfkn5p1EI+RHFQFyes="}},"lejQPGqiZN5piTZvUStJvXNbtEkNcI5AYAjjjg/Qf4U=":{"valueMac":{"type":"Buffer","data":"PlIFDjKCwjNWgojvH/ktfT2dsuiYpBC6Ao67K/9Kmug="}},"xah+YXeq7N7TwgTqlzTRUIx4DscU8IpVNxiPL7TKwho=":{"valueMac":{"type":"Buffer","data":"HthV/IhHPI2NSyL5R6sdQuL1vit/Pv/ywfqKVF+bH5U="}},"DTwuMiuRr4FqioBH7K5do6zgaCI+cfLNm4iPuKef8qY=":{"valueMac":{"type":"Buffer","data":"RaRFZ+kACpnlmKfdZkjEHFDX1wIXEem0R0wphqol1pY="}}}}