{"noiseKey":{"private":{"type":"Buffer","data":"QKrHZH0b5zs6HIGsWQSfbv5svI5RrICQjPW959iYlVk="},"public":{"type":"Buffer","data":"9sA0cyXIZgqCUPORgSxGBb1bJfPM+hXs30wZnG176R0="}},"pairingEphemeralKeyPair":{"private":{"type":"Buffer","data":"aN/k6W6YWY9+A+9S09V1V0sFT5XNGRln/p18xB3HF1U="},"public":{"type":"Buffer","data":"z0IP/WVZb43sSOPQ24ap1yZgxNGSn8z2o7lkWoZLTxA="}},"signedIdentityKey":{"private":{"type":"Buffer","data":"sP8Or08fKORY24goKJ46ZyWhj9XzpCtw5CH1NnwL3lA="},"public":{"type":"Buffer","data":"9ClOl24RVf3M4W8r442EyjBhg1xNfbIHEDP8vi8051E="}},"signedPreKey":{"keyPair":{"private":{"type":"Buffer","data":"EMpX2uYdm2Nk1kE5G08CLBYtSAAYSHgVfEpK2vucjmg="},"public":{"type":"Buffer","data":"GZpLtaWvXgtiOGmuiUQ2Mdj6Zv+bl3Wb0qIGYkO+XRI="}},"signature":{"type":"Buffer","data":"7XfGX9A8eoS3GiB4ioWbYbE+rYob9knrZZ+dyA01g5ptc/YOQg2VO6pSba0etCQGSpNCszgBAghVbdcZ7AqZAA=="},"keyId":1},"registrationId":15,"advSecretKey":"wXIPs+Jutc9uzjzTGLXGvDOv4sBGKzdd4p9dv5RDzBM=","processedHistoryMessages":[{"key":{"remoteJid":"212774265928@s.whatsapp.net","fromMe":true,"id":"867C5B68E57520F0E025E7013C20BC69"},"messageTimestamp":1722438199},{"key":{"remoteJid":"212774265928@s.whatsapp.net","fromMe":true,"id":"A898FD0466118795821FF4486800B336"},"messageTimestamp":1722438199},{"key":{"remoteJid":"212774265928@s.whatsapp.net","fromMe":true,"id":"D9C7CB1525929608933F79B14222133C"},"messageTimestamp":1722438201},{"key":{"remoteJid":"212774265928@s.whatsapp.net","fromMe":true,"id":"1B08495A5167A158D0C92684AFDA55CE"},"messageTimestamp":1722438201}],"nextPreKeyId":31,"firstUnuploadedPreKeyId":31,"accountSyncCounter":1,"accountSettings":{"unarchiveChats":false},"deviceId":"ZGFru_UwRrKD9O-5aIumYA","phoneId":"49513f6f-1172-416e-b530-df6fe3cc00d5","identityId":{"type":"Buffer","data":"PunlXr+SxEc25UQNk39Dh1gBV3s="},"registered":true,"backupToken":{"type":"Buffer","data":"SeNniAv6NmP/N058CXfFLzA3/WM="},"registration":{},"pairingCode":"CE9L8N8K","me":{"id":"212774265928:34@s.whatsapp.net","name":"Elven Bot - MD"},"account":{"details":"CPiFufYEELKkqbUGGAggACgA","accountSignatureKey":"ZqLSql6jwGHmLX51NyDwFdUzzq8Yj6M/Nwoi4XaiNTo=","accountSignature":"1pSPwrr+4s6pi2mpSgLXfDpPortTQDRHQUb1jny1zXsbF54xNbQwC5XiJG2Yfw4RHfoprx3w7JQ3alwfcgG/Bg==","deviceSignature":"fE//M9IyMt33tjNCALO+hHkN7kow5UtVmAdkc3HQYQuBNNEiteY4Nqq0vs3mMQ1eNROG4dJ4/VxeRjZ3KeJUAA=="},"signalIdentities":[{"identifier":{"name":"212774265928:34@s.whatsapp.net","deviceId":0},"identifierKey":{"type":"Buffer","data":"BWai0qpeo8Bh5i1+dTcg8BXVM86vGI+jPzcKIuF2ojU6"}}],"platform":"smba","lastAccountSyncTimestamp":1722438196,"myAppStateKeyId":"AAAAADtb"}