{"_sessions":{"BYx758ISk/GSzHOfJTWPywCTK5whTXvdqwOT7CwWEsEh":{"registrationId":1714455394,"currentRatchet":{"ephemeralKeyPair":{"pubKey":"BT1yleuu6RrxKtj8k6zov8fgWoF88mkFd9Qze68Ay+hW","privKey":"qKMkXpGWdMG1pznBWxeKhqm+YrEUROdqcpeE+7P8dHo="},"lastRemoteEphemeralKey":"BaOd3+OeRIOXBQ5BZJXvGiB++dQpsQEFK/2CCPFlGTcn","previousCounter":0,"rootKey":"r7nwvxmLr41oahzRp04x2VMTTWIpFFiYlS1479KrrZ4="},"indexInfo":{"baseKey":"BYx758ISk/GSzHOfJTWPywCTK5whTXvdqwOT7CwWEsEh","baseKeyType":2,"closed":-1,"used":1722438198533,"created":1722438198533,"remoteIdentityKey":"BWai0qpeo8Bh5i1+dTcg8BXVM86vGI+jPzcKIuF2ojU6"},"_chains":{"BaOd3+OeRIOXBQ5BZJXvGiB++dQpsQEFK/2CCPFlGTcn":{"chainKey":{"counter":7,"key":"HUYkHJq6yURHeDFt2ackDVwSOQWUct7dBBmRGasL38s="},"chainType":2,"messageKeys":{}},"BT1yleuu6RrxKtj8k6zov8fgWoF88mkFd9Qze68Ay+hW":{"chainKey":{"counter":5,"key":"L7HeoBrwxOmYExdqYDzO782Ne8x7v/YNDprH+o0YS6A="},"chainType":1,"messageKeys":{}}}}},"version":"v1"}