{"_sessions":{"BY6jvV9jxNodjw/f2219JLy47kO+pHwiQUVMp33uU3Yl":{"registrationId":1,"currentRatchet":{"ephemeralKeyPair":{"pubKey":"BdoYeFOPt85l4v2SVb+eo91D2iXruqDss80viFq41Zp/","privKey":"2CWc6q18cRjD60IyKhPROoEZx1zgOV5mPy3oT+SAZGI="},"lastRemoteEphemeralKey":"BRUUQm3KN8U8eh5kKH3FcmwKEHRHCnwVqi8ovQar2No/","previousCounter":0,"rootKey":"wXQ5QtieGfxdb2I5H07PptZC9NuuYHrdHYVk/ICl4yI="},"indexInfo":{"baseKey":"BY6jvV9jxNodjw/f2219JLy47kO+pHwiQUVMp33uU3Yl","baseKeyType":1,"closed":-1,"used":1722438207199,"created":1722438207199,"remoteIdentityKey":"BR+5y9hIjeGawwd1BdO3DsbNbh1XhRW7td+1z4TNh4Ji"},"_chains":{"BdoYeFOPt85l4v2SVb+eo91D2iXruqDss80viFq41Zp/":{"chainKey":{"counter":2,"key":"uDfXf/eoJrB4nbfcj7+fot1D8MG+OjXuXZ5lroK4ad0="},"chainType":1,"messageKeys":{}}},"pendingPreKey":{"signedKeyId":1,"baseKey":"BY6jvV9jxNodjw/f2219JLy47kO+pHwiQUVMp33uU3Yl","preKeyId":156}}},"version":"v1"}